﻿<?xml version="1.0" encoding="utf-8" standalone="no"?>
<modDesc descVersion="92" xmlns:xsi="http://www.w3.org/2001/XMLSchema-instance" xsi:noNamespaceSchemaLocation="https://validation.gdn.giants-software.com/xml/fs25/modDesc.xsd">
    <author>GIANTS Software</author>
    <version>1.0.0.0</version>
    <title>
        <en>AGCO Allis Series 9700</en>
    </title>
    <description>
<en><![CDATA[AGCO Allis Series 9700:
Category: Medium Tractors
Price: 58.500 €
Power: 160 - 225 hp
Max. speed: 40 kph
Engine, wheel and frontweight configurations]]></en>
<de><![CDATA[AGCO Allis Series 9700:
Shopkategorie: Mittelgroße Traktoren
Preis: 58.500 €
Leistung: 160 - 225 PS
Höchstgeschwindigkeit: 40km/h
Motor-, Rad- und Frontgewicht Konfigurationen]]></de>
<fr><![CDATA[AGCO Allis Series 9700:
Catégorie du magasin: Tracteurs moyens
Prix: 58.500 €
Puissance: 160 - 225 cv
Vitesse max.: 40 km/h
Configurations moteur, roues et masse avant]]></fr>
<pl><![CDATA[AGCO Allis Series 9700:
Kategoria sklepu: Średnie ciągniki
Cena: 58.500 €
Moc: 160 - 225 hp
Prędkość maks.: 40 kph
Konfiguracje silnika, kół oraz przednich obciążników]]></pl>
    </description>
    <iconFilename>icon_series9700.png</iconFilename>
    <multiplayer supported="true"/>

    <storeItems>
        <storeItem xmlFilename="series9700.xml"/>
    </storeItems>
</modDesc>
