<?xml version="1.0" encoding="utf-8" standalone="no"?>
<modDesc descVersion="90">
    <author>VeryGames</author>
    <version>1.0.0.0</version>
    <title>
        <en>VG Livemap</en>
        <de>VG Livemap</de>
        <fr>VG Livemap</fr>
        <es>VG Livemap</es>
    </title>
    <description>
        <en>
<![CDATA[This mod is a development tool that allows you to export technical data to assist in the construction of an external interactive map. The exported data includes: 
- Player positions
- Train position
- Vehicles positions
- Field positions
- Weather conditions
- Crop calendar]]>
        </en>
        <de>
<![CDATA[Dieses Mod ist ein Entwicklungstool, das es ermöglicht, technische Daten zu exportieren, um den Bau einer externen interaktiven Karte zu unterstützen. Die exportierten Daten umfassen:
- Spielerpositionen
- Zugstandort
- Fahrzeugpositionen
- Feldpositionen
- Wetterbedingungen
- Erntekalender]]>
        </de>
        <fr>
<![CDATA[Ce mod est un outil de développement qui permet d'exporter des données techniques afin de faciliter la construction d'une carte interactive externe. Les données exportées incluent :
- La position des joueurs
- La position du train
- Les positions des véhicules
- Les positions des champs
- Les conditions météorologiques
- Le calendrier des cultures]]>
        </fr>
        <it>
<![CDATA[Questo mod è uno strumento di sviluppo che consente di esportare dati tecnici per facilitare la costruzione di una mappa interattiva esterna. I dati esportati includono:
- Posizioni dei giocatori
- Posizione del treno
- Posizioni dei veicoli
- Posizioni dei campi
- Condizioni meteorologiche
- Calendario delle colture]]>
        </it>
    </description>
    <iconFilename>icon_VG_Livemap.dds</iconFilename>
    <multiplayer supported="true" />
    <extraSourceFiles>
        <sourceFile filename="src/Livemap.lua" />
        <sourceFile filename="src/Utils.lua" />
    </extraSourceFiles>
</modDesc>
