<?xml version="1.0" encoding="utf-8" standalone="no" ?>
<modDesc descVersion="92">
    <author>KingMods</author>
	<version>1.0.0.0</version>
	<title>
        <en>HUD Hider (KingMods)</en>
	</title>
    <description>
		<en>Toggle HUD visibility by pressing the = (equals) key.</en>
		<fr>Basculez la visibilité du HUD en appuyant sur la touche = (égal).</fr>
		<de>Schalten Sie die HUD-Sichtbarkeit um, indem Sie die Taste = (gleich) drücken.</de>
	</description>
    <multiplayer supported="true" />
    <iconFilename>icon_hudHider_kingMods.dds</iconFilename>    
	<extraSourceFiles>
        <sourceFile filename="HudHider_KingMods.lua" />
    </extraSourceFiles>
</modDesc>
